"occurred_at","email","type"
"2021-03-17 13:04:54.764599+13","user3@example.com","updated"
"2021-03-17 11:41:59.437609+13","user1@example.com","viewed"
"2021-03-17 10:50:52.118808+13","user4@example.com","commented"
"2021-03-17 09:43:11.950363+13","user1@example.com","updated"
"2021-03-17 08:54:59.056935+13","user4@example.com","updated"
"2021-03-17 08:00:16.112088+13","user0@example.com","purchased"
"2021-03-17 06:39:56.17473+13","user1@example.com","messaged"
"2021-03-17 05:46:03.673029+13","user1@example.com","viewed"
"2021-03-17 04:17:12.080909+13","user3@example.com","purchased"
"2021-03-17 03:21:54.121114+13","user3@example.com","commented"
"2021-03-17 02:38:37.509309+13","user4@example.com","purchased"
"2021-03-17 01:11:55.649436+13","user4@example.com","commented"
"2021-03-17 00:34:35.038782+13","user1@example.com","viewed"
"2021-03-16 23:40:25.20637+13","user2@example.com","messaged"
"2021-03-16 22:39:15.161861+13","user3@example.com","viewed"
"2021-03-16 21:50:49.694175+13","user2@example.com","signed-in"
"2021-03-16 20:17:09.550508+13","user1@example.com","commented"
"2021-03-16 19:51:21.586217+13","user2@example.com","commented"
"2021-03-16 18:56:36.457437+13","user1@example.com","updated"
"2021-03-16 17:50:57.579721+13","user1@example.com","updated"
"2021-03-16 16:52:25.671357+13","user3@example.com","messaged"
"2021-03-16 15:52:40.035603+13","user4@example.com","viewed"
"2021-03-16 15:01:50.309226+13","user4@example.com","purchased"
"2021-03-16 14:00:48.08025+13","user2@example.com","purchased"
"2021-03-16 12:17:58.106926+13","user3@example.com","messaged"
"2021-03-16 11:21:14.919649+13","user2@example.com","messaged"
"2021-03-16 10:46:01.203272+13","user4@example.com","purchased"
"2021-03-16 09:32:38.417351+13","user1@example.com","messaged"
"2021-03-16 08:50:06.204157+13","user0@example.com","signed-in"
"2021-03-16 07:19:45.870397+13","user1@example.com","messaged"
"2021-03-16 06:10:51.885402+13","user3@example.com","purchased"
"2021-03-16 06:05:00.007812+13","user2@example.com","messaged"
"2021-03-16 04:41:42.086976+13","user4@example.com","purchased"
"2021-03-16 03:58:02.719732+13","user1@example.com","purchased"
"2021-03-16 02:47:40.615397+13","user3@example.com","signed-in"
"2021-03-16 01:45:16.82395+13","user3@example.com","signed-in"
"2021-03-16 00:53:10.764087+13","user1@example.com","messaged"
"2021-03-15 23:16:23.304105+13","user2@example.com","messaged"
"2021-03-15 22:13:52.015987+13","user2@example.com","signed-in"
"2021-03-15 21:47:00.533613+13","user3@example.com","updated"
"2021-03-15 21:07:08.273694+13","user2@example.com","messaged"
"2021-03-15 19:53:20.635314+13","user1@example.com","purchased"
"2021-03-15 19:04:24.258536+13","user1@example.com","messaged"
"2021-03-15 17:59:27.311764+13","user3@example.com","signed-in"
"2021-03-15 16:12:02.304878+13","user2@example.com","messaged"
"2021-03-15 15:41:42.733+13","user1@example.com","viewed"
"2021-03-15 14:10:56.077714+13","user1@example.com","viewed"
"2021-03-15 13:27:50.480386+13","user0@example.com","commented"
"2021-03-15 12:11:48.85734+13","user3@example.com","signed-in"
"2021-03-15 11:15:05.43576+13","user1@example.com","purchased"
"2021-03-15 11:08:32.628404+13","user3@example.com","purchased"
"2021-03-15 09:57:50.860192+13","user3@example.com","commented"
"2021-03-15 08:13:54.229707+13","user4@example.com","messaged"
"2021-03-15 07:18:36.295494+13","user1@example.com","signed-in"
"2021-03-15 06:56:08.473874+13","user2@example.com","updated"
"2021-03-15 05:22:19.078175+13","user0@example.com","viewed"
"2021-03-15 04:40:11.070836+13","user2@example.com","signed-in"
"2021-03-15 04:05:03.010917+13","user3@example.com","updated"
"2021-03-15 02:35:09.259354+13","user1@example.com","commented"
"2021-03-15 01:55:43.491208+13","user0@example.com","messaged"
"2021-03-15 00:55:38.748061+13","user4@example.com","signed-in"
"2021-03-14 23:58:35.817739+13","user4@example.com","updated"
"2021-03-14 22:48:52.363848+13","user3@example.com","viewed"
"2021-03-14 21:13:42.529655+13","user3@example.com","messaged"
"2021-03-14 20:15:01.490338+13","user2@example.com","signed-in"
"2021-03-14 19:57:59.121859+13","user2@example.com","messaged"
"2021-03-14 19:04:43.769741+13","user4@example.com","signed-in"
"2021-03-14 17:22:26.058107+13","user3@example.com","signed-in"
"2021-03-14 16:44:23.51224+13","user4@example.com","signed-in"
"2021-03-14 16:08:38.984872+13","user2@example.com","updated"
"2021-03-14 14:49:37.528836+13","user3@example.com","updated"
"2021-03-14 13:13:07.964788+13","user2@example.com","messaged"
"2021-03-14 13:03:50.726062+13","user2@example.com","commented"
"2021-03-14 11:25:51.645083+13","user2@example.com","signed-in"
"2021-03-14 10:56:50.769344+13","user1@example.com","purchased"
"2021-03-14 09:59:29.048803+13","user2@example.com","updated"
"2021-03-14 08:49:47.0633+13","user2@example.com","updated"
"2021-03-14 07:39:32.128993+13","user3@example.com","signed-in"
"2021-03-14 06:57:07.665317+13","user1@example.com","signed-in"
"2021-03-14 05:23:49.047005+13","user3@example.com","updated"
"2021-03-14 04:16:04.46282+13","user2@example.com","signed-in"
"2021-03-14 03:55:05.474716+13","user4@example.com","signed-in"
"2021-03-14 03:08:07.912516+13","user3@example.com","messaged"
"2021-03-14 01:37:49.25186+13","user4@example.com","messaged"
"2021-03-14 00:47:55.100587+13","user2@example.com","viewed"
"2021-03-13 23:46:16.696883+13","user2@example.com","signed-in"
"2021-03-13 22:10:18.007099+13","user2@example.com","messaged"
"2021-03-13 21:55:48.79001+13","user3@example.com","commented"
"2021-03-13 20:20:09.544119+13","user4@example.com","messaged"
"2021-03-13 20:06:26.169145+13","user1@example.com","viewed"
"2021-03-13 18:14:17.240136+13","user2@example.com","messaged"
"2021-03-13 17:45:50.680245+13","user3@example.com","updated"
"2021-03-13 16:52:33.573398+13","user3@example.com","commented"
"2021-03-13 15:28:37.63232+13","user2@example.com","messaged"
"2021-03-13 14:49:36.286229+13","user1@example.com","signed-in"
"2021-03-13 13:34:06.94116+13","user4@example.com","updated"
"2021-03-13 12:32:29.028051+13","user2@example.com","purchased"
"2021-03-13 11:45:35.850384+13","user2@example.com","purchased"
"2021-03-13 10:56:37.312817+13","user1@example.com","viewed"
"2021-03-13 09:50:30.194725+13","user4@example.com","messaged"
"2021-03-13 08:44:11.07768+13","user2@example.com","commented"
"2021-03-13 07:23:55.579724+13","user3@example.com","messaged"
"2021-03-13 07:07:44.652375+13","user3@example.com","commented"
"2021-03-13 05:12:23.584249+13","user2@example.com","commented"
"2021-03-13 04:22:07.877565+13","user0@example.com","viewed"
"2021-03-13 03:47:54.786345+13","user0@example.com","viewed"
"2021-03-13 02:48:39.497161+13","user2@example.com","commented"
"2021-03-13 01:46:28.815654+13","user0@example.com","updated"
"2021-03-13 01:01:42.025057+13","user2@example.com","messaged"
"2021-03-12 23:16:00.987753+13","user1@example.com","signed-in"
"2021-03-12 22:19:27.2797+13","user2@example.com","messaged"
"2021-03-12 21:25:37.4114+13","user1@example.com","purchased"
"2021-03-12 20:57:01.182093+13","user3@example.com","signed-in"
"2021-03-12 19:12:44.50807+13","user3@example.com","purchased"
"2021-03-12 18:47:50.126273+13","user1@example.com","signed-in"
"2021-03-12 17:43:02.75881+13","user2@example.com","signed-in"
"2021-03-12 16:15:23.535837+13","user3@example.com","signed-in"
"2021-03-12 15:41:56.863338+13","user1@example.com","messaged"
"2021-03-12 15:04:17.999595+13","user1@example.com","updated"
"2021-03-12 13:27:56.410663+13","user1@example.com","signed-in"
"2021-03-12 13:07:49.541887+13","user3@example.com","signed-in"
"2021-03-12 11:32:13.235841+13","user1@example.com","commented"
"2021-03-12 10:21:11.115096+13","user2@example.com","messaged"
"2021-03-12 09:14:33.777794+13","user2@example.com","messaged"
"2021-03-12 08:52:42.992035+13","user2@example.com","commented"
"2021-03-12 07:23:18.098515+13","user2@example.com","signed-in"
"2021-03-12 07:04:54.407033+13","user1@example.com","purchased"
"2021-03-12 06:06:50.512754+13","user4@example.com","viewed"
"2021-03-12 04:26:21.480775+13","user1@example.com","commented"
"2021-03-12 04:05:01.809981+13","user4@example.com","commented"
"2021-03-12 02:12:04.970502+13","user0@example.com","purchased"
"2021-03-12 01:58:56.442393+13","user0@example.com","updated"
"2021-03-12 00:20:59.670834+13","user2@example.com","messaged"
"2021-03-12 00:00:48.964292+13","user1@example.com","messaged"
"2021-03-11 22:55:59.497666+13","user2@example.com","messaged"
"2021-03-11 21:41:40.037288+13","user2@example.com","commented"
"2021-03-11 21:04:40.487452+13","user1@example.com","purchased"
"2021-03-11 19:48:38.244013+13","user1@example.com","signed-in"
"2021-03-11 19:07:45.995459+13","user1@example.com","commented"
"2021-03-11 17:48:30.52916+13","user1@example.com","purchased"
"2021-03-11 16:22:52.863253+13","user2@example.com","updated"
"2021-03-11 15:09:46.537675+13","user3@example.com","messaged"
"2021-03-11 14:16:49.002176+13","user3@example.com","purchased"
"2021-03-11 13:22:50.575696+13","user3@example.com","purchased"
"2021-03-11 13:00:14.519754+13","user1@example.com","signed-in"
"2021-03-11 11:43:11.439724+13","user4@example.com","messaged"
"2021-03-11 10:14:17.845969+13","user2@example.com","signed-in"
"2021-03-11 09:39:49.747382+13","user0@example.com","messaged"
"2021-03-11 08:51:40.367188+13","user2@example.com","viewed"
"2021-03-11 07:19:16.499826+13","user4@example.com","updated"
"2021-03-11 06:21:22.193753+13","user2@example.com","purchased"
"2021-03-11 05:48:54.244918+13","user2@example.com","commented"
"2021-03-11 04:20:48.540794+13","user2@example.com","messaged"
"2021-03-11 03:56:49.525579+13","user0@example.com","purchased"
"2021-03-11 03:06:58.45884+13","user1@example.com","purchased"
"2021-03-11 01:12:53.570427+13","user2@example.com","commented"
"2021-03-11 00:44:05.228373+13","user2@example.com","signed-in"
"2021-03-10 23:30:58.915228+13","user0@example.com","purchased"
"2021-03-10 22:46:36.053954+13","user4@example.com","purchased"
"2021-03-10 21:10:39.04283+13","user4@example.com","viewed"
"2021-03-10 20:40:25.890152+13","user3@example.com","signed-in"
"2021-03-10 19:15:35.701756+13","user0@example.com","signed-in"
"2021-03-10 18:19:56.727733+13","user3@example.com","signed-in"
"2021-03-10 17:35:56.989386+13","user1@example.com","messaged"
"2021-03-10 16:38:05.087147+13","user2@example.com","commented"
"2021-03-10 15:32:25.273589+13","user0@example.com","viewed"
"2021-03-10 15:09:27.291581+13","user1@example.com","commented"
"2021-03-10 13:36:02.333224+13","user2@example.com","purchased"
"2021-03-10 13:05:12.027738+13","user2@example.com","purchased"
"2021-03-10 11:31:34.397012+13","user2@example.com","messaged"
"2021-03-10 10:28:51.164298+13","user1@example.com","messaged"
"2021-03-10 09:39:53.552772+13","user3@example.com","viewed"
"2021-03-10 08:12:37.473335+13","user2@example.com","viewed"
"2021-03-10 07:46:04.248103+13","user4@example.com","signed-in"
"2021-03-10 06:58:13.818567+13","user4@example.com","commented"
"2021-03-10 06:05:31.285068+13","user3@example.com","purchased"
"2021-03-10 04:43:44.422289+13","user0@example.com","messaged"
"2021-03-10 03:49:52.964397+13","user2@example.com","viewed"
"2021-03-10 02:44:49.140599+13","user1@example.com","messaged"
"2021-03-10 01:15:40.102909+13","user1@example.com","commented"
"2021-03-10 00:54:55.875893+13","user0@example.com","commented"
"2021-03-09 23:28:42.29555+13","user2@example.com","commented"
"2021-03-09 22:22:56.896263+13","user2@example.com","signed-in"
"2021-03-09 21:55:32.38761+13","user4@example.com","signed-in"
"2021-03-09 21:03:25.090857+13","user4@example.com","commented"
"2021-03-09 19:19:29.064767+13","user1@example.com","signed-in"
"2021-03-09 18:36:56.168388+13","user2@example.com","commented"
"2021-03-09 17:19:37.166561+13","user3@example.com","messaged"
"2021-03-09 16:28:55.39835+13","user3@example.com","messaged"
"2021-03-09 15:15:26.395605+13","user1@example.com","viewed"
"2021-03-09 14:32:57.27487+13","user3@example.com","viewed"
"2021-03-09 13:47:43.959797+13","user3@example.com","purchased"
"2021-03-09 13:08:27.529997+13","user4@example.com","messaged"
"2021-03-09 11:33:31.308887+13","user3@example.com","updated"
"2021-03-09 10:53:38.030166+13","user3@example.com","signed-in"
"2021-03-09 09:44:57.004156+13","user2@example.com","commented"
"2021-03-09 08:25:53.29546+13","user4@example.com","updated"
"2021-03-09 07:29:49.898591+13","user2@example.com","commented"
"2021-03-09 06:57:53.25815+13","user3@example.com","viewed"
"2021-03-09 05:53:09.869325+13","user4@example.com","signed-in"
"2021-03-09 04:20:47.513769+13","user2@example.com","signed-in"
"2021-03-09 04:02:50.650801+13","user2@example.com","messaged"
"2021-03-09 02:40:54.436356+13","user4@example.com","commented"
"2021-03-09 01:12:41.868906+13","user4@example.com","viewed"
"2021-03-09 00:45:18.670856+13","user2@example.com","viewed"
"2021-03-08 23:15:08.622785+13","user2@example.com","messaged"
"2021-03-08 23:00:25.734921+13","user2@example.com","commented"
"2021-03-08 21:24:29.473545+13","user1@example.com","messaged"
"2021-03-08 20:58:27.468017+13","user1@example.com","signed-in"
"2021-03-08 20:01:02.447012+13","user1@example.com","updated"
"2021-03-08 18:17:21.242272+13","user4@example.com","signed-in"
"2021-03-08 17:32:38.073958+13","user2@example.com","updated"
"2021-03-08 16:19:57.099853+13","user2@example.com","messaged"
"2021-03-08 15:42:33.014278+13","user4@example.com","commented"
"2021-03-08 14:45:54.828208+13","user3@example.com","signed-in"
"2021-03-08 14:04:28.091299+13","user0@example.com","updated"
"2021-03-08 12:49:46.864768+13","user3@example.com","purchased"
"2021-03-08 11:50:54.017915+13","user4@example.com","signed-in"
"2021-03-08 10:22:19.117961+13","user2@example.com","signed-in"
"2021-03-08 09:23:27.012581+13","user4@example.com","messaged"
"2021-03-08 08:44:49.925942+13","user3@example.com","messaged"
"2021-03-08 07:19:33.354237+13","user3@example.com","messaged"
"2021-03-08 06:34:54.922308+13","user1@example.com","purchased"
"2021-03-08 05:26:34.111632+13","user1@example.com","viewed"
"2021-03-08 04:14:16.314991+13","user4@example.com","commented"
"2021-03-08 03:30:39.969769+13","user0@example.com","updated"
"2021-03-08 02:44:09.92334+13","user2@example.com","messaged"
"2021-03-08 01:22:22.323316+13","user2@example.com","signed-in"
"2021-03-08 00:54:44.46389+13","user0@example.com","viewed"
"2021-03-07 23:16:18.670316+13","user0@example.com","viewed"
"2021-03-07 22:30:19.43741+13","user3@example.com","purchased"
"2021-03-07 22:02:43.142237+13","user4@example.com","purchased"
"2021-03-07 20:43:20.77229+13","user3@example.com","commented"
"2021-03-07 19:23:47.457387+13","user4@example.com","viewed"
"2021-03-07 18:20:47.900466+13","user3@example.com","signed-in"
"2021-03-07 17:17:02.938815+13","user2@example.com","commented"
"2021-03-07 16:19:10.32672+13","user0@example.com","purchased"
"2021-03-07 16:08:46.180831+13","user0@example.com","commented"
"2021-03-07 15:00:13.830741+13","user2@example.com","purchased"
"2021-03-07 13:44:16.397315+13","user2@example.com","updated"
"2021-03-07 12:25:27.494529+13","user1@example.com","signed-in"
"2021-03-07 11:18:05.989598+13","user1@example.com","signed-in"
"2021-03-07 11:04:01.154119+13","user4@example.com","purchased"
"2021-03-07 09:17:04.804061+13","user3@example.com","purchased"
"2021-03-07 08:47:18.578245+13","user1@example.com","purchased"
"2021-03-07 08:05:46.772177+13","user2@example.com","commented"
"2021-03-07 06:52:04.912663+13","user3@example.com","purchased"
"2021-03-07 05:45:19.821447+13","user2@example.com","updated"
"2021-03-07 04:21:07.144714+13","user4@example.com","signed-in"
"2021-03-07 03:59:21.30141+13","user3@example.com","updated"
"2021-03-07 02:33:09.751262+13","user1@example.com","purchased"
"2021-03-07 01:28:59.596446+13","user1@example.com","viewed"
"2021-03-07 00:18:44.397172+13","user1@example.com","commented"
"2021-03-06 23:22:13.181867+13","user2@example.com","messaged"
"2021-03-06 22:12:06.675425+13","user2@example.com","signed-in"
"2021-03-06 21:32:22.242929+13","user2@example.com","viewed"
"2021-03-06 20:43:31.646871+13","user2@example.com","messaged"
"2021-03-06 19:40:10.23866+13","user2@example.com","signed-in"
"2021-03-06 18:31:40.12933+13","user1@example.com","updated"
"2021-03-06 17:46:46.827131+13","user2@example.com","purchased"
"2021-03-06 16:58:00.423209+13","user1@example.com","purchased"
"2021-03-06 16:02:11.231411+13","user3@example.com","commented"
"2021-03-06 14:46:57.441748+13","user2@example.com","messaged"
"2021-03-06 13:30:55.146909+13","user2@example.com","commented"
"2021-03-06 13:00:10.147006+13","user2@example.com","updated"
"2021-03-06 11:58:03.522847+13","user3@example.com","signed-in"
"2021-03-06 10:22:51.362651+13","user2@example.com","updated"
"2021-03-06 09:20:16.249944+13","user2@example.com","purchased"
"2021-03-06 08:52:56.939943+13","user0@example.com","purchased"
"2021-03-06 08:05:00.625168+13","user0@example.com","commented"
"2021-03-06 06:51:40.249703+13","user1@example.com","signed-in"
"2021-03-06 05:38:33.455517+13","user3@example.com","messaged"
"2021-03-06 04:39:44.663631+13","user3@example.com","purchased"
"2021-03-06 03:26:05.685678+13","user1@example.com","signed-in"
"2021-03-06 02:38:07.195703+13","user1@example.com","signed-in"
"2021-03-06 01:35:40.550963+13","user0@example.com","signed-in"
"2021-03-06 00:57:56.533656+13","user1@example.com","updated"
"2021-03-05 23:22:30.503142+13","user3@example.com","messaged"
"2021-03-05 22:39:57.999793+13","user2@example.com","purchased"
"2021-03-05 21:44:05.999094+13","user2@example.com","messaged"
"2021-03-05 20:27:09.74669+13","user4@example.com","messaged"
"2021-03-05 19:26:16.384776+13","user1@example.com","viewed"
"2021-03-05 18:22:08.611268+13","user3@example.com","commented"
"2021-03-05 17:16:33.838803+13","user4@example.com","commented"
"2021-03-05 16:23:44.851611+13","user2@example.com","updated"
"2021-03-05 15:58:26.107597+13","user4@example.com","purchased"
"2021-03-05 14:28:36.999474+13","user2@example.com","messaged"
"2021-03-05 13:15:06.159452+13","user2@example.com","messaged"
"2021-03-05 12:37:05.698124+13","user1@example.com","viewed"
"2021-03-05 11:19:04.733825+13","user2@example.com","signed-in"
"2021-03-05 11:05:25.060917+13","user4@example.com","purchased"
"2021-03-05 09:29:19.502507+13","user0@example.com","commented"
"2021-03-05 08:55:35.567724+13","user0@example.com","updated"
"2021-03-05 07:10:26.59523+13","user2@example.com","commented"
"2021-03-05 07:08:17.149757+13","user1@example.com","commented"
"2021-03-05 05:30:07.463016+13","user2@example.com","viewed"
"2021-03-05 04:33:42.641657+13","user1@example.com","purchased"
"2021-03-05 04:03:08.20235+13","user3@example.com","purchased"
"2021-03-05 02:54:28.344659+13","user3@example.com","updated"
"2021-03-05 01:34:51.550798+13","user4@example.com","purchased"
"2021-03-05 00:40:26.647903+13","user1@example.com","messaged"
"2021-03-04 23:11:10.198502+13","user4@example.com","commented"
"2021-03-04 22:17:54.127881+13","user2@example.com","purchased"
"2021-03-04 21:58:15.69855+13","user1@example.com","signed-in"
"2021-03-04 20:30:42.963786+13","user2@example.com","commented"
"2021-03-04 19:16:00.06217+13","user1@example.com","purchased"
"2021-03-04 19:04:41.485933+13","user3@example.com","messaged"
"2021-03-04 18:07:46.593353+13","user4@example.com","purchased"
"2021-03-04 16:23:06.491707+13","user2@example.com","purchased"
"2021-03-04 15:48:11.611631+13","user2@example.com","signed-in"
"2021-03-04 14:28:48.529451+13","user2@example.com","viewed"
"2021-03-04 13:46:28.431035+13","user2@example.com","messaged"
"2021-03-04 13:01:42.382316+13","user1@example.com","messaged"
"2021-03-04 11:21:14.279454+13","user2@example.com","messaged"
"2021-03-04 11:09:25.807506+13","user1@example.com","messaged"
"2021-03-04 10:05:49.171606+13","user2@example.com","updated"
"2021-03-04 09:08:52.511382+13","user0@example.com","messaged"
"2021-03-04 07:32:37.648598+13","user3@example.com","commented"
"2021-03-04 06:18:29.042779+13","user2@example.com","purchased"
"2021-03-04 06:05:04.580182+13","user1@example.com","updated"
"2021-03-04 04:36:05.133174+13","user0@example.com","purchased"
"2021-03-04 03:37:54.17318+13","user3@example.com","updated"
"2021-03-04 03:02:22.773237+13","user1@example.com","messaged"
"2021-03-04 01:55:31.193477+13","user2@example.com","purchased"
"2021-03-04 01:07:51.193654+13","user2@example.com","messaged"
"2021-03-03 23:43:00.892418+13","user1@example.com","commented"
"2021-03-03 22:51:31.337574+13","user1@example.com","signed-in"
"2021-03-03 21:43:31.02889+13","user1@example.com","purchased"
"2021-03-03 20:10:26.500576+13","user3@example.com","commented"
"2021-03-03 19:56:21.082673+13","user2@example.com","viewed"
"2021-03-03 19:07:43.019998+13","user2@example.com","purchased"
"2021-03-03 18:05:16.773303+13","user1@example.com","messaged"
"2021-03-03 16:12:57.674093+13","user3@example.com","messaged"
"2021-03-03 15:34:57.22677+13","user3@example.com","messaged"
"2021-03-03 15:07:51.459468+13","user2@example.com","signed-in"
"2021-03-03 14:02:10.023868+13","user3@example.com","messaged"
"2021-03-03 13:09:16.150054+13","user1@example.com","commented"
"2021-03-03 11:49:01.708774+13","user1@example.com","messaged"
"2021-03-03 10:44:33.363468+13","user2@example.com","commented"
"2021-03-03 09:24:06.825105+13","user3@example.com","purchased"
"2021-03-03 08:19:44.338184+13","user2@example.com","signed-in"
"2021-03-03 07:17:31.812996+13","user1@example.com","messaged"
"2021-03-03 07:04:52.131274+13","user3@example.com","updated"
"2021-03-03 05:31:20.427492+13","user0@example.com","purchased"
"2021-03-03 04:22:18.458159+13","user1@example.com","purchased"
"2021-03-03 03:26:27.715063+13","user4@example.com","messaged"
"2021-03-03 02:38:33.420848+13","user4@example.com","messaged"
"2021-03-03 01:13:13.304221+13","user2@example.com","signed-in"
"2021-03-03 00:51:41.947664+13","user2@example.com","purchased"
"2021-03-02 23:35:09.247314+13","user3@example.com","updated"
"2021-03-02 22:31:02.471209+13","user4@example.com","purchased"
"2021-03-02 21:46:07.676872+13","user0@example.com","messaged"
"2021-03-02 20:28:31.267078+13","user3@example.com","messaged"
"2021-03-02 19:47:08.597436+13","user1@example.com","signed-in"
"2021-03-02 18:14:16.852951+13","user4@example.com","updated"
"2021-03-02 17:28:21.039192+13","user1@example.com","commented"
"2021-03-02 16:49:53.275009+13","user3@example.com","messaged"
"2021-03-02 15:17:47.304992+13","user3@example.com","purchased"
"2021-03-02 14:24:16.247734+13","user1@example.com","purchased"
"2021-03-02 13:34:51.602941+13","user1@example.com","purchased"
"2021-03-02 12:28:52.226762+13","user1@example.com","commented"
"2021-03-02 12:05:18.752222+13","user4@example.com","purchased"
"2021-03-02 10:36:58.08747+13","user2@example.com","viewed"
"2021-03-02 09:23:35.642673+13","user2@example.com","purchased"
"2021-03-02 08:19:38.213378+13","user3@example.com","signed-in"
"2021-03-02 07:33:49.850099+13","user1@example.com","signed-in"
"2021-03-02 06:47:40.900001+13","user0@example.com","purchased"
"2021-03-02 05:20:08.059285+13","user4@example.com","commented"
"2021-03-02 04:31:32.121537+13","user1@example.com","purchased"
"2021-03-02 03:32:52.094875+13","user4@example.com","messaged"
"2021-03-02 03:01:53.744631+13","user2@example.com","signed-in"
"2021-03-02 01:41:49.037018+13","user1@example.com","viewed"
"2021-03-02 00:21:10.813667+13","user4@example.com","messaged"
"2021-03-01 23:18:03.161317+13","user4@example.com","updated"
"2021-03-01 22:39:59.162282+13","user0@example.com","commented"
"2021-03-01 22:04:19.607295+13","user2@example.com","commented"
"2021-03-01 20:24:07.31254+13","user1@example.com","updated"
"2021-03-01 19:20:42.503175+13","user2@example.com","purchased"
"2021-03-01 18:53:18.845788+13","user2@example.com","commented"
"2021-03-01 17:53:19.677048+13","user2@example.com","viewed"
"2021-03-01 16:23:52.684697+13","user2@example.com","messaged"
"2021-03-01 15:52:01.096169+13","user4@example.com","purchased"
"2021-03-01 14:25:57.240148+13","user3@example.com","signed-in"
"2021-03-01 13:56:22.301097+13","user1@example.com","messaged"
"2021-03-01 13:07:38.661714+13","user4@example.com","updated"
"2021-03-01 11:30:45.780747+13","user2@example.com","commented"
"2021-03-01 10:33:11.244899+13","user1@example.com","purchased"
"2021-03-01 09:22:42.599406+13","user4@example.com","signed-in"
"2021-03-01 08:56:13.676969+13","user0@example.com","purchased"
"2021-03-01 08:06:18.187923+13","user3@example.com","commented"
"2021-03-01 06:45:28.095518+13","user1@example.com","signed-in"
"2021-03-01 05:13:19.912583+13","user2@example.com","signed-in"
"2021-03-01 04:36:42.037441+13","user1@example.com","commented"
"2021-03-01 03:52:48.758552+13","user3@example.com","messaged"
"2021-03-01 02:32:33.582209+13","user3@example.com","purchased"
"2021-03-01 02:03:54.974769+13","user1@example.com","signed-in"
"2021-03-01 00:35:39.754749+13","user0@example.com","signed-in"
"2021-02-28 23:52:35.941264+13","user3@example.com","signed-in"
"2021-02-28 22:36:55.507082+13","user1@example.com","signed-in"
"2021-02-28 21:18:53.733772+13","user4@example.com","commented"
"2021-02-28 20:29:15.736313+13","user2@example.com","updated"
"2021-02-28 19:19:53.573929+13","user2@example.com","purchased"
"2021-02-28 18:45:20.418821+13","user1@example.com","commented"
"2021-02-28 18:05:45.88605+13","user1@example.com","signed-in"
"2021-02-28 16:53:19.445656+13","user3@example.com","commented"
"2021-02-28 15:59:26.264728+13","user0@example.com","updated"
"2021-02-28 14:12:24.181976+13","user4@example.com","messaged"
"2021-02-28 13:41:25.390553+13","user2@example.com","commented"
"2021-02-28 12:17:52.889859+13","user3@example.com","signed-in"
"2021-02-28 11:52:40.088583+13","user1@example.com","signed-in"
"2021-02-28 10:25:39.070232+13","user3@example.com","messaged"
"2021-02-28 09:33:54.602625+13","user2@example.com","signed-in"
"2021-02-28 08:19:34.241284+13","user1@example.com","commented"
"2021-02-28 07:57:47.149777+13","user1@example.com","viewed"
"2021-02-28 06:28:03.303971+13","user1@example.com","commented"
"2021-02-28 06:06:31.898801+13","user1@example.com","commented"
"2021-02-28 04:31:52.159475+13","user1@example.com","signed-in"
"2021-02-28 03:36:36.828848+13","user0@example.com","purchased"
"2021-02-28 02:25:36.016264+13","user3@example.com","purchased"
"2021-02-28 02:01:09.667466+13","user3@example.com","viewed"
"2021-02-28 01:05:54.806765+13","user2@example.com","commented"
"2021-02-27 23:22:09.378222+13","user0@example.com","signed-in"
"2021-02-27 22:23:35.512796+13","user1@example.com","purchased"
"2021-02-27 22:03:26.490666+13","user2@example.com","signed-in"
"2021-02-27 20:27:07.757138+13","user3@example.com","viewed"
"2021-02-27 19:26:10.753386+13","user3@example.com","updated"
"2021-02-27 18:20:26.624215+13","user0@example.com","messaged"
"2021-02-27 17:45:41.660962+13","user4@example.com","commented"
"2021-02-27 16:48:23.841574+13","user1@example.com","viewed"
"2021-02-27 15:39:09.211641+13","user2@example.com","messaged"
"2021-02-27 14:19:30.418599+13","user3@example.com","commented"
"2021-02-27 13:40:25.535761+13","user2@example.com","purchased"
"2021-02-27 12:16:50.063885+13","user1@example.com","commented"
"2021-02-27 11:37:18.575365+13","user0@example.com","messaged"
"2021-02-27 10:32:34.281419+13","user1@example.com","purchased"
"2021-02-27 10:06:15.552059+13","user2@example.com","purchased"
"2021-02-27 08:26:07.918207+13","user0@example.com","signed-in"
"2021-02-27 08:08:30.688257+13","user4@example.com","signed-in"
"2021-02-27 06:39:51.364933+13","user2@example.com","updated"
"2021-02-27 05:12:41.178832+13","user1@example.com","purchased"
"2021-02-27 05:02:00.852404+13","user1@example.com","commented"
"2021-02-27 03:33:47.288069+13","user3@example.com","signed-in"
"2021-02-27 03:04:35.892782+13","user4@example.com","messaged"
"2021-02-27 01:54:54.094249+13","user4@example.com","commented"
"2021-02-27 00:16:44.609796+13","user2@example.com","purchased"
"2021-02-26 23:41:42.324644+13","user1@example.com","purchased"
"2021-02-26 22:11:56.263013+13","user2@example.com","signed-in"
"2021-02-26 21:25:51.112353+13","user2@example.com","updated"
"2021-02-26 20:16:22.354458+13","user2@example.com","updated"
"2021-02-26 19:53:48.964708+13","user0@example.com","messaged"
"2021-02-26 18:45:04.058228+13","user2@example.com","updated"
"2021-02-26 18:01:01.770802+13","user3@example.com","purchased"
"2021-02-26 16:37:57.702056+13","user0@example.com","messaged"
"2021-02-26 15:50:06.691514+13","user2@example.com","signed-in"
"2021-02-26 14:22:07.929378+13","user0@example.com","messaged"
"2021-02-26 13:10:01.199392+13","user2@example.com","updated"
"2021-02-26 13:04:17.148237+13","user3@example.com","messaged"
"2021-02-26 12:01:04.825132+13","user4@example.com","purchased"
"2021-02-26 10:17:52.104386+13","user1@example.com","purchased"
"2021-02-26 09:15:49.340502+13","user1@example.com","commented"
"2021-02-26 08:51:22.269354+13","user1@example.com","viewed"
"2021-02-26 07:28:27.504671+13","user3@example.com","messaged"
"2021-02-26 06:19:26.468453+13","user1@example.com","purchased"
"2021-02-26 05:42:53.458945+13","user3@example.com","messaged"
"2021-02-26 04:44:56.075119+13","user4@example.com","signed-in"
"2021-02-26 03:19:15.983974+13","user3@example.com","messaged"
"2021-02-26 02:48:26.504199+13","user2@example.com","viewed"
"2021-02-26 01:23:02.082042+13","user4@example.com","messaged"
"2021-02-26 00:50:32.879052+13","user3@example.com","signed-in"
"2021-02-25 23:19:57.544151+13","user3@example.com","signed-in"
"2021-02-25 22:34:55.850908+13","user4@example.com","signed-in"
"2021-02-25 21:36:01.222832+13","user2@example.com","signed-in"
"2021-02-25 20:18:54.129675+13","user4@example.com","signed-in"
"2021-02-25 20:00:33.216674+13","user1@example.com","updated"
"2021-02-25 18:56:12.077518+13","user2@example.com","commented"
"2021-02-25 18:01:10.382086+13","user2@example.com","messaged"
"2021-02-25 17:01:22.172677+13","user0@example.com","purchased"
"2021-02-25 15:57:01.886382+13","user3@example.com","commented"
"2021-02-25 14:26:18.948045+13","user3@example.com","viewed"
"2021-02-25 13:45:35.070095+13","user3@example.com","viewed"
"2021-02-25 13:06:19.501158+13","user2@example.com","viewed"
"2021-02-25 12:07:05.501667+13","user2@example.com","signed-in"
"2021-02-25 10:33:18.725135+13","user2@example.com","signed-in"
"2021-02-25 09:42:49.358912+13","user1@example.com","viewed"
"2021-02-25 08:47:13.556808+13","user3@example.com","messaged"
"2021-02-25 07:45:54.606127+13","user3@example.com","updated"
"2021-02-25 07:02:19.891861+13","user2@example.com","viewed"
"2021-02-25 06:08:17.441749+13","user2@example.com","commented"
"2021-02-25 04:47:48.679055+13","user1@example.com","commented"
"2021-02-25 03:29:47.018908+13","user2@example.com","viewed"
"2021-02-25 02:35:04.30806+13","user0@example.com","commented"
"2021-02-25 01:59:34.760375+13","user2@example.com","commented"
"2021-02-25 00:36:10.720975+13","user0@example.com","messaged"
"2021-02-25 00:04:43.276811+13","user1@example.com","purchased"
"2021-02-24 22:11:19.739778+13","user3@example.com","purchased"
"2021-02-24 21:14:10.635577+13","user1@example.com","signed-in"
"2021-02-24 20:50:50.769685+13","user1@example.com","updated"
"2021-02-24 19:50:54.706807+13","user1@example.com","messaged"
"2021-02-24 18:46:36.643241+13","user2@example.com","purchased"
"2021-02-24 18:05:35.421871+13","user3@example.com","commented"
"2021-02-24 16:10:48.184234+13","user0@example.com","purchased"
"2021-02-24 15:52:44.269713+13","user3@example.com","commented"
"2021-02-24 14:32:41.032429+13","user2@example.com","messaged"
"2021-02-24 13:11:02.177558+13","user0@example.com","updated"
"2021-02-24 12:25:16.905193+13","user1@example.com","messaged"
"2021-02-24 11:36:13.401472+13","user3@example.com","signed-in"
"2021-02-24 11:04:28.44629+13","user2@example.com","purchased"
"2021-02-24 09:19:08.116785+13","user1@example.com","messaged"
"2021-02-24 08:44:31.056447+13","user2@example.com","signed-in"
"2021-02-24 07:23:33.024407+13","user3@example.com","commented"
"2021-02-24 06:48:08.942244+13","user2@example.com","signed-in"
"2021-02-24 05:30:03.363391+13","user3@example.com","messaged"
"2021-02-24 05:01:45.860656+13","user3@example.com","messaged"
"2021-02-24 03:18:03.004083+13","user1@example.com","messaged"
"2021-02-24 02:59:52.411152+13","user3@example.com","purchased"
"2021-02-24 01:29:58.678852+13","user3@example.com","updated"
"2021-02-24 00:50:38.684672+13","user4@example.com","signed-in"
"2021-02-23 23:56:47.134673+13","user3@example.com","updated"
"2021-02-23 22:53:11.319977+13","user1@example.com","purchased"
"2021-02-23 21:49:01.060434+13","user1@example.com","purchased"
"2021-02-23 20:26:34.729399+13","user3@example.com","signed-in"
"2021-02-23 19:23:52.044057+13","user1@example.com","messaged"
"2021-02-23 18:12:59.476042+13","user1@example.com","purchased"
"2021-02-23 17:30:23.82267+13","user2@example.com","viewed"
"2021-02-23 16:12:15.839464+13","user2@example.com","commented"
"2021-02-23 15:11:46.265993+13","user2@example.com","updated"
"2021-02-23 14:55:37.055662+13","user3@example.com","viewed"
"2021-02-23 13:27:59.657272+13","user1@example.com","signed-in"
"2021-02-23 12:55:23.740999+13","user0@example.com","viewed"
"2021-02-23 11:54:24.427567+13","user1@example.com","purchased"
"2021-02-23 11:04:41.684338+13","user0@example.com","messaged"
"2021-02-23 09:19:51.135533+13","user3@example.com","messaged"
"2021-02-23 08:42:06.580235+13","user3@example.com","commented"
"2021-02-23 08:02:11.592633+13","user0@example.com","updated"
"2021-02-23 07:00:31.779892+13","user3@example.com","purchased"
"2021-02-23 06:02:59.345003+13","user4@example.com","viewed"
"2021-02-23 04:26:47.040823+13","user1@example.com","viewed"
"2021-02-23 04:02:01.082832+13","user2@example.com","signed-in"
"2021-02-23 02:23:21.908497+13","user3@example.com","purchased"
"2021-02-23 01:47:10.260589+13","user1@example.com","commented"
"2021-02-23 01:02:19.923203+13","user2@example.com","commented"
"2021-02-22 23:33:18.614157+13","user4@example.com","viewed"
"2021-02-22 22:16:32.040667+13","user2@example.com","viewed"
"2021-02-22 21:45:18.711183+13","user4@example.com","signed-in"
"2021-02-22 20:24:06.484314+13","user1@example.com","signed-in"
"2021-02-22 20:03:25.63548+13","user2@example.com","purchased"
"2021-02-22 18:10:16.064427+13","user2@example.com","signed-in"
"2021-02-22 17:29:56.338224+13","user2@example.com","messaged"
"2021-02-22 16:33:52.919865+13","user0@example.com","purchased"
"2021-02-22 15:12:40.883125+13","user3@example.com","viewed"
"2021-02-22 14:58:43.700441+13","user4@example.com","updated"
"2021-02-22 13:28:43.924276+13","user1@example.com","updated"
"2021-02-22 12:11:33.233642+13","user0@example.com","signed-in"
"2021-02-22 12:01:23.16917+13","user2@example.com","purchased"
"2021-02-22 10:26:59.303145+13","user3@example.com","updated"
"2021-02-22 09:28:27.31944+13","user2@example.com","commented"
"2021-02-22 08:24:35.738244+13","user3@example.com","purchased"
"2021-02-22 08:01:38.347581+13","user4@example.com","messaged"
"2021-02-22 06:28:37.407374+13","user0@example.com","commented"
"2021-02-22 05:32:33.583309+13","user4@example.com","signed-in"
"2021-02-22 04:16:32.178667+13","user3@example.com","purchased"
"2021-02-22 03:26:53.548508+13","user4@example.com","commented"
"2021-02-22 02:22:56.025908+13","user1@example.com","messaged"
"2021-02-22 01:11:09.811869+13","user0@example.com","signed-in"
"2021-02-22 00:23:44.823601+13","user2@example.com","messaged"
"2021-02-21 23:57:52.683816+13","user3@example.com","messaged"
"2021-02-21 23:00:23.604166+13","user1@example.com","viewed"
"2021-02-21 22:06:47.604318+13","user2@example.com","commented"
"2021-02-21 20:26:36.938584+13","user3@example.com","viewed"
"2021-02-21 20:07:45.703192+13","user2@example.com","messaged"
"2021-02-21 18:09:44.428374+13","user4@example.com","viewed"
"2021-02-21 17:49:53.665953+13","user3@example.com","messaged"
"2021-02-21 17:08:54.199629+13","user1@example.com","purchased"
"2021-02-21 15:49:33.166788+13","user0@example.com","purchased"
"2021-02-21 14:16:21.647222+13","user3@example.com","purchased"
"2021-02-21 13:15:20.312036+13","user2@example.com","messaged"
"2021-02-21 12:34:18.434964+13","user0@example.com","signed-in"
"2021-02-21 11:20:16.694186+13","user3@example.com","commented"
"2021-02-21 10:12:39.638749+13","user3@example.com","commented"
"2021-02-21 10:06:33.555666+13","user4@example.com","updated"
"2021-02-21 08:28:21.455549+13","user2@example.com","messaged"
"2021-02-21 07:58:10.297407+13","user3@example.com","signed-in"
"2021-02-21 06:32:32.218295+13","user2@example.com","signed-in"
"2021-02-21 05:55:02.202166+13","user1@example.com","messaged"
"2021-02-21 04:37:47.761283+13","user1@example.com","signed-in"
"2021-02-21 04:08:29.304601+13","user1@example.com","purchased"
"2021-02-21 03:06:35.374224+13","user3@example.com","purchased"
"2021-02-21 01:38:06.355066+13","user3@example.com","signed-in"
"2021-02-21 00:19:13.948883+13","user2@example.com","commented"
"2021-02-20 23:51:20.577828+13","user4@example.com","updated"
"2021-02-20 22:57:19.320083+13","user0@example.com","purchased"
"2021-02-20 22:01:51.636429+13","user4@example.com","purchased"
"2021-02-20 20:29:34.30842+13","user1@example.com","viewed"
"2021-02-20 19:20:24.319822+13","user4@example.com","commented"
"2021-02-20 18:36:22.399402+13","user3@example.com","signed-in"
"2021-02-20 17:53:36.158809+13","user2@example.com","signed-in"
"2021-02-20 16:37:32.238076+13","user3@example.com","purchased"
"2021-02-20 15:57:04.497721+13","user2@example.com","commented"
"2021-02-20 14:13:07.756682+13","user1@example.com","commented"
"2021-02-20 13:21:07.029489+13","user0@example.com","commented"
"2021-02-20 12:58:22.839973+13","user3@example.com","signed-in"
"2021-02-20 11:31:58.583329+13","user3@example.com","viewed"
"2021-02-20 10:47:22.929778+13","user3@example.com","commented"
"2021-02-20 09:26:14.341652+13","user1@example.com","purchased"
"2021-02-20 08:52:01.743493+13","user3@example.com","commented"
"2021-02-20 07:48:50.966388+13","user2@example.com","purchased"
"2021-02-20 06:41:44.109146+13","user1@example.com","viewed"
"2021-02-20 05:35:51.883694+13","user2@example.com","updated"
"2021-02-20 04:32:38.445601+13","user1@example.com","viewed"
"2021-02-20 04:08:07.336485+13","user4@example.com","signed-in"
"2021-02-20 02:13:03.482711+13","user3@example.com","viewed"
"2021-02-20 01:53:50.098837+13","user2@example.com","updated"
"2021-02-20 00:28:40.119706+13","user2@example.com","purchased"
"2021-02-19 23:15:05.097468+13","user1@example.com","signed-in"
"2021-02-19 22:09:33.825762+13","user1@example.com","signed-in"
"2021-02-19 21:56:59.324482+13","user2@example.com","signed-in"
"2021-02-19 20:25:36.035016+13","user1@example.com","updated"
"2021-02-19 19:45:29.272489+13","user2@example.com","messaged"
"2021-02-19 18:21:14.537709+13","user3@example.com","messaged"
"2021-02-19 17:14:07.456123+13","user1@example.com","commented"
"2021-02-19 17:06:46.806353+13","user2@example.com","commented"
"2021-02-19 15:17:52.424835+13","user2@example.com","purchased"
"2021-02-19 15:08:54.156081+13","user3@example.com","signed-in"
"2021-02-19 13:59:29.586139+13","user3@example.com","messaged"
"2021-02-19 13:04:01.269564+13","user3@example.com","signed-in"
"2021-02-19 11:13:45.156541+13","user2@example.com","commented"
"2021-02-19 10:10:33.727217+13","user3@example.com","updated"
"2021-02-19 09:35:37.785113+13","user2@example.com","messaged"
"2021-02-19 08:21:42.70923+13","user2@example.com","purchased"
"2021-02-19 07:24:01.300187+13","user2@example.com","messaged"
"2021-02-19 06:55:12.267039+13","user4@example.com","updated"
"2021-02-19 05:42:33.194514+13","user4@example.com","purchased"
"2021-02-19 04:33:02.562772+13","user3@example.com","updated"
"2021-02-19 03:41:25.786127+13","user2@example.com","signed-in"
"2021-02-19 02:12:00.138472+13","user2@example.com","signed-in"
"2021-02-19 02:01:22.406398+13","user4@example.com","commented"
"2021-02-19 00:41:51.947659+13","user4@example.com","messaged"
"2021-02-18 23:36:26.394684+13","user4@example.com","commented"
"2021-02-18 22:29:09.988968+13","user0@example.com","messaged"
"2021-02-18 21:15:44.390126+13","user4@example.com","viewed"
"2021-02-18 20:10:09.015573+13","user0@example.com","purchased"
"2021-02-18 19:38:02.487254+13","user3@example.com","messaged"
"2021-02-18 18:29:00.666366+13","user3@example.com","messaged"
"2021-02-18 17:20:57.909907+13","user2@example.com","purchased"
"2021-02-18 16:20:24.088524+13","user1@example.com","viewed"
"2021-02-18 15:45:49.898871+13","user2@example.com","purchased"
"2021-02-18 15:05:11.248589+13","user1@example.com","messaged"
"2021-02-18 13:50:33.632011+13","user3@example.com","updated"
"2021-02-18 12:10:46.886296+13","user3@example.com","updated"
"2021-02-18 11:27:23.264282+13","user4@example.com","messaged"
"2021-02-18 10:22:05.216643+13","user1@example.com","signed-in"
"2021-02-18 09:26:47.368739+13","user1@example.com","signed-in"
"2021-02-18 08:13:44.27178+13","user3@example.com","messaged"
"2021-02-18 07:41:23.187004+13","user1@example.com","purchased"
"2021-02-18 06:45:05.355507+13","user2@example.com","messaged"
"2021-02-18 06:05:04.819511+13","user1@example.com","purchased"
"2021-02-18 04:47:07.429912+13","user3@example.com","commented"
"2021-02-18 04:06:20.142927+13","user3@example.com","messaged"
"2021-02-18 02:50:45.918106+13","user1@example.com","messaged"
"2021-02-18 01:12:03.669609+13","user1@example.com","purchased"
"2021-02-18 00:30:10.116584+13","user3@example.com","messaged"
"2021-02-18 00:04:50.383768+13","user0@example.com","commented"
"2021-02-17 22:17:38.918094+13","user1@example.com","messaged"
"2021-02-17 21:09:52.16608+13","user3@example.com","commented"
"2021-02-17 20:30:01.675374+13","user2@example.com","messaged"
"2021-02-17 19:40:08.167848+13","user0@example.com","purchased"
"2021-02-17 18:27:16.361912+13","user3@example.com","signed-in"
"2021-02-17 17:32:26.729952+13","user1@example.com","commented"
"2021-02-17 16:42:28.281581+13","user0@example.com","commented"
"2021-02-17 15:24:46.443244+13","user2@example.com","updated"
"2021-02-17 14:10:31.273993+13","user2@example.com","messaged"
"2021-02-17 13:55:53.45608+13","user4@example.com","messaged"
"2021-02-17 12:21:42.944272+13","user0@example.com","messaged"
"2021-02-17 11:18:43.938113+13","user4@example.com","updated"
"2021-02-17 10:31:50.245392+13","user1@example.com","commented"
"2021-02-17 09:58:44.418546+13","user3@example.com","purchased"
"2021-02-17 08:28:20.037267+13","user0@example.com","purchased"
"2021-02-17 07:27:26.021869+13","user1@example.com","purchased"
"2021-02-17 06:11:32.929894+13","user2@example.com","signed-in"
"2021-02-17 06:09:10.712381+13","user4@example.com","signed-in"
"2021-02-17 04:54:05.648404+13","user2@example.com","purchased"
"2021-02-17 03:48:51.485746+13","user4@example.com","messaged"
"2021-02-17 02:29:44.657216+13","user4@example.com","commented"
"2021-02-17 01:15:47.543459+13","user4@example.com","purchased"
"2021-02-17 00:31:44.192703+13","user2@example.com","messaged"
"2021-02-17 00:06:35.598998+13","user0@example.com","purchased"
"2021-02-16 22:51:13.614572+13","user0@example.com","updated"
"2021-02-16 21:13:16.09948+13","user2@example.com","messaged"
"2021-02-16 20:23:59.138234+13","user3@example.com","commented"
"2021-02-16 20:03:55.724369+13","user3@example.com","signed-in"
"2021-02-16 18:34:41.600085+13","user2@example.com","purchased"
"2021-02-16 17:52:22.31793+13","user1@example.com","signed-in"
"2021-02-16 16:47:07.203243+13","user1@example.com","commented"
"2021-02-16 16:08:09.970564+13","user3@example.com","signed-in"
"2021-02-16 14:37:16.158566+13","user2@example.com","messaged"
"2021-02-16 13:28:20.183734+13","user2@example.com","signed-in"
"2021-02-16 12:42:28.108594+13","user3@example.com","viewed"
"2021-02-16 11:17:48.616897+13","user0@example.com","updated"
"2021-02-16 11:01:52.206529+13","user3@example.com","updated"
"2021-02-16 09:18:09.261736+13","user1@example.com","messaged"
"2021-02-16 08:36:14.270315+13","user2@example.com","commented"
"2021-02-16 08:05:15.41319+13","user0@example.com","purchased"
"2021-02-16 06:55:44.523266+13","user2@example.com","messaged"
"2021-02-16 05:35:51.469134+13","user2@example.com","commented"
"2021-02-16 04:50:46.302329+13","user2@example.com","updated"
"2021-02-16 03:29:30.633069+13","user2@example.com","commented"
"2021-02-16 02:27:21.462748+13","user3@example.com","commented"
"2021-02-16 01:17:15.542412+13","user4@example.com","signed-in"
"2021-02-16 00:35:01.728661+13","user4@example.com","purchased"
"2021-02-16 00:06:15.487992+13","user3@example.com","purchased"
"2021-02-15 23:01:08.911519+13","user1@example.com","purchased"
"2021-02-15 21:29:20.42398+13","user1@example.com","viewed"
"2021-02-15 20:39:47.987016+13","user3@example.com","commented"
"2021-02-15 19:23:39.989496+13","user3@example.com","commented"
"2021-02-15 18:18:07.114798+13","user2@example.com","signed-in"
"2021-02-15 17:22:58.307613+13","user1@example.com","updated"
"2021-02-15 16:54:40.000821+13","user1@example.com","messaged"
"2021-02-15 15:32:21.625197+13","user3@example.com","purchased"
"2021-02-15 14:10:08.001274+13","user4@example.com","commented"
"2021-02-15 13:15:18.010653+13","user1@example.com","purchased"
"2021-02-15 13:04:21.914193+13","user3@example.com","signed-in"
"2021-02-15 11:46:24.586775+13","user1@example.com","signed-in"
"2021-02-15 10:58:44.790845+13","user2@example.com","messaged"
"2021-02-15 09:35:19.606755+13","user3@example.com","purchased"
"2021-02-15 08:47:07.883024+13","user3@example.com","signed-in"
"2021-02-15 07:21:29.302554+13","user2@example.com","viewed"
"2021-02-15 06:50:07.953128+13","user0@example.com","commented"
"2021-02-15 06:04:08.027565+13","user2@example.com","messaged"
"2021-02-15 04:46:35.204983+13","user3@example.com","commented"
"2021-02-15 04:07:46.480099+13","user0@example.com","commented"
"2021-02-15 02:17:32.232519+13","user1@example.com","messaged"
"2021-02-15 02:02:09.04695+13","user3@example.com","purchased"
"2021-02-15 00:31:12.911022+13","user2@example.com","messaged"
"2021-02-15 00:03:11.8024+13","user0@example.com","commented"
"2021-02-14 22:35:19.952047+13","user4@example.com","messaged"
"2021-02-14 21:57:54.369243+13","user2@example.com","commented"
"2021-02-14 20:55:39.840301+13","user4@example.com","commented"
"2021-02-14 19:50:16.141656+13","user1@example.com","messaged"
"2021-02-14 19:05:08.887834+13","user4@example.com","signed-in"
"2021-02-14 18:04:58.375136+13","user3@example.com","updated"
"2021-02-14 16:39:49.038772+13","user3@example.com","purchased"
"2021-02-14 15:23:27.204125+13","user2@example.com","signed-in"
"2021-02-14 14:27:42.652872+13","user2@example.com","messaged"
"2021-02-14 13:41:18.607387+13","user1@example.com","updated"
"2021-02-14 12:53:22.168267+13","user0@example.com","viewed"
"2021-02-14 11:48:33.695007+13","user4@example.com","commented"
"2021-02-14 11:04:12.977477+13","user2@example.com","commented"
"2021-02-14 09:33:52.725173+13","user1@example.com","messaged"
"2021-02-14 08:53:41.847252+13","user3@example.com","signed-in"
"2021-02-14 07:39:30.440657+13","user3@example.com","signed-in"
"2021-02-14 06:30:43.008629+13","user3@example.com","signed-in"
"2021-02-14 05:13:10.092599+13","user1@example.com","updated"
"2021-02-14 05:06:06.075788+13","user0@example.com","viewed"
"2021-02-14 04:07:26.723469+13","user3@example.com","purchased"
"2021-02-14 02:47:46.505663+13","user2@example.com","messaged"
"2021-02-14 01:19:56.315544+13","user0@example.com","purchased"
"2021-02-14 00:30:32.985083+13","user0@example.com","signed-in"
"2021-02-13 23:13:10.919428+13","user3@example.com","updated"
"2021-02-13 22:57:18.57001+13","user3@example.com","updated"
"2021-02-13 21:38:50.073373+13","user1@example.com","messaged"
"2021-02-13 21:05:13.205652+13","user1@example.com","messaged"
"2021-02-13 19:44:19.176461+13","user3@example.com","purchased"
"2021-02-13 18:38:09.546122+13","user0@example.com","updated"
"2021-02-13 17:40:15.930181+13","user2@example.com","commented"
"2021-02-13 17:01:19.526966+13","user1@example.com","commented"
"2021-02-13 16:05:57.380218+13","user2@example.com","updated"
"2021-02-13 14:12:36.453786+13","user1@example.com","signed-in"
"2021-02-13 13:38:43.125795+13","user1@example.com","signed-in"
"2021-02-13 12:47:38.834863+13","user3@example.com","updated"
"2021-02-13 11:18:23.319586+13","user1@example.com","signed-in"
"2021-02-13 10:26:18.493157+13","user3@example.com","signed-in"
"2021-02-13 09:39:03.561816+13","user2@example.com","signed-in"
"2021-02-13 08:48:10.420379+13","user0@example.com","purchased"
"2021-02-13 08:01:05.334095+13","user1@example.com","signed-in"
"2021-02-13 06:34:18.787276+13","user0@example.com","viewed"
"2021-02-13 05:54:53.484297+13","user1@example.com","commented"
"2021-02-13 04:48:19.76432+13","user2@example.com","signed-in"
"2021-02-13 03:21:36.596138+13","user1@example.com","purchased"
"2021-02-13 02:13:58.827095+13","user1@example.com","commented"
"2021-02-13 01:58:10.144119+13","user1@example.com","signed-in"
"2021-02-13 00:40:11.175287+13","user3@example.com","signed-in"
"2021-02-12 23:46:48.599562+13","user3@example.com","signed-in"
"2021-02-12 23:01:21.54539+13","user1@example.com","messaged"
"2021-02-12 21:36:20.66066+13","user1@example.com","commented"
"2021-02-12 20:25:10.804297+13","user3@example.com","messaged"
"2021-02-12 19:36:07.689585+13","user1@example.com","purchased"
"2021-02-12 18:58:21.302813+13","user4@example.com","signed-in"
"2021-02-12 17:22:45.345777+13","user0@example.com","commented"
"2021-02-12 17:04:19.436046+13","user2@example.com","messaged"
"2021-02-12 15:10:15.123915+13","user3@example.com","updated"
"2021-02-12 14:52:53.306094+13","user0@example.com","commented"
"2021-02-12 13:53:58.035351+13","user2@example.com","commented"
"2021-02-12 12:15:29.174582+13","user0@example.com","purchased"
"2021-02-12 11:49:30.998449+13","user2@example.com","purchased"
"2021-02-12 10:49:51.329412+13","user3@example.com","commented"
"2021-02-12 09:21:33.946519+13","user1@example.com","commented"
"2021-02-12 08:49:28.059025+13","user3@example.com","signed-in"
"2021-02-12 07:34:18.449663+13","user3@example.com","purchased"
"2021-02-12 06:35:42.559593+13","user1@example.com","commented"
"2021-02-12 05:38:39.902157+13","user3@example.com","messaged"
"2021-02-12 04:50:31.372504+13","user1@example.com","messaged"
"2021-02-12 04:02:36.156888+13","user3@example.com","commented"
"2021-02-12 02:59:44.668484+13","user1@example.com","purchased"
"2021-02-12 01:17:07.362002+13","user2@example.com","messaged"
"2021-02-12 00:21:28.803862+13","user4@example.com","updated"
"2021-02-11 23:18:59.857747+13","user2@example.com","messaged"
"2021-02-11 22:58:46.815821+13","user3@example.com","signed-in"
"2021-02-11 21:10:16.743944+13","user3@example.com","signed-in"
"2021-02-11 20:32:14.79643+13","user1@example.com","messaged"
"2021-02-11 19:44:59.15615+13","user4@example.com","updated"
"2021-02-11 18:14:08.43778+13","user4@example.com","messaged"
"2021-02-11 17:58:49.431304+13","user2@example.com","commented"
"2021-02-11 17:06:28.730641+13","user2@example.com","updated"
"2021-02-11 15:25:12.391188+13","user1@example.com","messaged"
"2021-02-11 14:38:03.864267+13","user1@example.com","signed-in"
"2021-02-11 13:11:05.314243+13","user0@example.com","signed-in"
"2021-02-11 12:22:26.646713+13","user2@example.com","purchased"
"2021-02-11 11:50:34.043959+13","user0@example.com","commented"
"2021-02-11 10:45:34.766471+13","user2@example.com","messaged"
"2021-02-11 09:11:28.627694+13","user2@example.com","signed-in"
"2021-02-11 08:58:12.879638+13","user2@example.com","commented"
"2021-02-11 07:41:46.634624+13","user3@example.com","purchased"
"2021-02-11 07:04:15.149511+13","user2@example.com","messaged"
"2021-02-11 05:55:39.396257+13","user2@example.com","purchased"
"2021-02-11 04:30:35.360443+13","user1@example.com","signed-in"
"2021-02-11 03:39:29.10075+13","user3@example.com","commented"
"2021-02-11 03:02:05.30758+13","user1@example.com","commented"
"2021-02-11 01:13:14.400169+13","user1@example.com","purchased"
"2021-02-11 00:43:30.794689+13","user1@example.com","messaged"
"2021-02-10 23:26:59.297128+13","user4@example.com","messaged"
"2021-02-10 22:19:23.335214+13","user2@example.com","messaged"
"2021-02-10 21:38:38.907729+13","user1@example.com","viewed"
"2021-02-10 20:31:55.070713+13","user2@example.com","messaged"
"2021-02-10 19:43:48.813555+13","user3@example.com","purchased"
"2021-02-10 18:16:58.172506+13","user4@example.com","purchased"
"2021-02-10 17:40:13.400183+13","user2@example.com","messaged"
"2021-02-10 16:57:10.935573+13","user3@example.com","messaged"
"2021-02-10 15:52:19.31753+13","user4@example.com","viewed"
"2021-02-10 14:26:20.738704+13","user1@example.com","signed-in"
"2021-02-10 13:43:59.317028+13","user3@example.com","commented"
"2021-02-10 12:21:51.315511+13","user0@example.com","messaged"
"2021-02-10 11:22:12.890226+13","user3@example.com","purchased"
"2021-02-10 10:20:04.711982+13","user3@example.com","updated"
"2021-02-10 10:00:11.894815+13","user4@example.com","purchased"
"2021-02-10 08:14:36.009207+13","user0@example.com","signed-in"
"2021-02-10 08:00:12.383353+13","user1@example.com","signed-in"
"2021-02-10 06:17:22.427656+13","user3@example.com","messaged"
"2021-02-10 05:52:20.132628+13","user2@example.com","updated"
"2021-02-10 04:16:56.455694+13","user2@example.com","viewed"
"2021-02-10 03:53:25.978529+13","user3@example.com","purchased"
"2021-02-10 02:23:21.927133+13","user3@example.com","signed-in"
"2021-02-10 01:24:53.714533+13","user0@example.com","updated"
"2021-02-10 00:26:23.733811+13","user2@example.com","commented"
"2021-02-09 23:38:03.426365+13","user1@example.com","signed-in"
"2021-02-09 22:34:37.379739+13","user3@example.com","viewed"
"2021-02-09 21:49:20.525091+13","user0@example.com","purchased"
"2021-02-09 20:25:45.99591+13","user2@example.com","updated"
"2021-02-09 19:20:06.676547+13","user0@example.com","purchased"
"2021-02-09 18:59:47.15372+13","user2@example.com","purchased"
"2021-02-09 17:19:18.630565+13","user1@example.com","messaged"
"2021-02-09 16:15:11.534571+13","user2@example.com","signed-in"
"2021-02-09 15:48:27.829598+13","user1@example.com","purchased"
"2021-02-09 14:46:33.215497+13","user2@example.com","updated"
"2021-02-09 13:34:31.937495+13","user3@example.com","signed-in"
"2021-02-09 12:16:12.236672+13","user3@example.com","messaged"
"2021-02-09 11:52:51.842691+13","user1@example.com","commented"
"2021-02-09 10:15:25.021997+13","user2@example.com","viewed"
"2021-02-09 09:37:14.103779+13","user1@example.com","messaged"
"2021-02-09 08:49:20.153719+13","user2@example.com","commented"
"2021-02-09 07:39:45.752578+13","user1@example.com","signed-in"
"2021-02-09 06:59:34.624084+13","user1@example.com","signed-in"
"2021-02-09 05:59:51.837144+13","user0@example.com","viewed"
"2021-02-09 04:37:19.420202+13","user3@example.com","viewed"
"2021-02-09 03:39:52.135491+13","user3@example.com","messaged"
"2021-02-09 02:49:42.554009+13","user2@example.com","messaged"
"2021-02-09 01:44:53.893836+13","user2@example.com","updated"
"2021-02-09 00:42:50.142314+13","user2@example.com","purchased"
"2021-02-08 23:12:30.153381+13","user2@example.com","commented"
"2021-02-08 22:24:02.710855+13","user0@example.com","signed-in"
"2021-02-08 22:08:09.558264+13","user0@example.com","commented"
"2021-02-08 20:15:54.766997+13","user1@example.com","messaged"
"2021-02-08 19:39:27.135223+13","user0@example.com","commented"
"2021-02-08 18:48:16.619518+13","user3@example.com","commented"
"2021-02-08 17:29:10.064267+13","user1@example.com","viewed"
"2021-02-08 16:24:26.685371+13","user2@example.com","commented"
"2021-02-08 15:15:27.757991+13","user0@example.com","purchased"
"2021-02-08 14:57:52.105202+13","user2@example.com","messaged"
"2021-02-08 13:54:34.482272+13","user4@example.com","updated"
"2021-02-08 12:38:22.534479+13","user0@example.com","purchased"
"2021-02-08 11:22:13.321285+13","user2@example.com","purchased"
"2021-02-08 10:56:28.831114+13","user0@example.com","commented"
"2021-02-08 09:23:10.465983+13","user1@example.com","signed-in"
"2021-02-08 08:31:52.196402+13","user0@example.com","updated"
"2021-02-08 07:09:53.399348+13","user4@example.com","signed-in"
"2021-02-08 06:39:34.776373+13","user3@example.com","messaged"
"2021-02-08 05:59:08.59907+13","user2@example.com","signed-in"
"2021-02-08 04:49:03.463449+13","user3@example.com","viewed"
"2021-02-08 03:35:15.601149+13","user1@example.com","purchased"
"2021-02-08 03:00:16.318475+13","user1@example.com","signed-in"
"2021-02-08 01:40:31.828625+13","user2@example.com","commented"
"2021-02-08 00:59:32.601741+13","user4@example.com","commented"
"2021-02-07 23:12:31.820293+13","user2@example.com","commented"
"2021-02-07 22:15:34.114425+13","user1@example.com","signed-in"
"2021-02-07 21:15:09.789703+13","user2@example.com","messaged"
"2021-02-07 20:45:39.712436+13","user3@example.com","messaged"
"2021-02-07 20:03:43.00853+13","user2@example.com","messaged"
"2021-02-07 18:13:22.681064+13","user0@example.com","messaged"
"2021-02-07 17:29:29.136012+13","user3@example.com","purchased"
"2021-02-07 16:40:12.219475+13","user1@example.com","viewed"
"2021-02-07 15:26:47.206551+13","user1@example.com","messaged"
"2021-02-07 15:03:29.942793+13","user2@example.com","commented"
"2021-02-07 13:26:48.967572+13","user1@example.com","commented"
"2021-02-07 12:51:25.614422+13","user4@example.com","updated"
"2021-02-07 12:04:51.610358+13","user1@example.com","signed-in"
"2021-02-07 10:56:51.777981+13","user1@example.com","viewed"
"2021-02-07 09:20:25.008841+13","user3@example.com","signed-in"
"2021-02-07 08:31:43.622112+13","user2@example.com","messaged"
"2021-02-07 07:36:59.387722+13","user3@example.com","messaged"
"2021-02-07 06:35:34.738366+13","user3@example.com","updated"
"2021-02-07 05:09:53.51231+13","user4@example.com","updated"
"2021-02-07 04:52:07.324785+13","user1@example.com","updated"
"2021-02-07 04:06:12.583945+13","user3@example.com","messaged"
"2021-02-07 02:38:27.873018+13","user2@example.com","messaged"
"2021-02-07 01:43:58.364654+13","user2@example.com","purchased"
"2021-02-07 00:51:12.856543+13","user1@example.com","purchased"
"2021-02-06 23:13:16.816153+13","user3@example.com","purchased"
"2021-02-06 22:31:23.444321+13","user1@example.com","signed-in"
"2021-02-06 21:41:51.227256+13","user1@example.com","purchased"
"2021-02-06 20:43:39.663688+13","user2@example.com","commented"
"2021-02-06 19:12:50.847682+13","user3@example.com","signed-in"
"2021-02-06 18:14:49.012362+13","user4@example.com","purchased"
"2021-02-06 18:02:59.671964+13","user1@example.com","messaged"
"2021-02-06 16:48:16.879191+13","user1@example.com","signed-in"
"2021-02-06 15:14:00.105424+13","user4@example.com","signed-in"
"2021-02-06 14:20:23.870345+13","user1@example.com","commented"
"2021-02-06 13:51:43.348359+13","user3@example.com","viewed"
"2021-02-06 13:03:16.190503+13","user2@example.com","messaged"
"2021-02-06 11:59:19.550409+13","user4@example.com","viewed"
"2021-02-06 10:49:46.371775+13","user3@example.com","signed-in"
"2021-02-06 09:49:00.662314+13","user3@example.com","commented"
"2021-02-06 08:38:49.048647+13","user1@example.com","signed-in"
"2021-02-06 07:58:46.082063+13","user0@example.com","messaged"
"2021-02-06 06:29:01.784247+13","user1@example.com","purchased"
"2021-02-06 05:16:21.929244+13","user2@example.com","commented"
"2021-02-06 04:53:38.782254+13","user2@example.com","commented"
"2021-02-06 03:28:48.146532+13","user1@example.com","commented"
"2021-02-06 03:06:30.669426+13","user2@example.com","updated"
"2021-02-06 01:43:39.410916+13","user1@example.com","updated"
"2021-02-06 00:49:10.00244+13","user1@example.com","commented"
"2021-02-05 23:38:30.975984+13","user2@example.com","purchased"
"2021-02-05 22:46:24.40834+13","user1@example.com","messaged"
"2021-02-05 21:17:46.223987+13","user4@example.com","purchased"
"2021-02-05 20:55:25.722416+13","user1@example.com","messaged"
"2021-02-05 19:26:06.705808+13","user3@example.com","purchased"
"2021-02-05 18:09:57.599942+13","user2@example.com","viewed"
"2021-02-05 17:56:47.243379+13","user4@example.com","messaged"
"2021-02-05 16:28:45.228983+13","user3@example.com","messaged"
"2021-02-05 15:28:52.546999+13","user0@example.com","viewed"
"2021-02-05 14:46:18.143349+13","user1@example.com","purchased"
"2021-02-05 13:15:44.486086+13","user2@example.com","updated"
"2021-02-05 12:18:32.5408+13","user4@example.com","signed-in"
"2021-02-05 11:32:26.528585+13","user2@example.com","commented"
"2021-02-05 11:09:17.604642+13","user1@example.com","updated"
"2021-02-05 09:26:21.972931+13","user4@example.com","viewed"
"2021-02-05 08:16:37.130111+13","user3@example.com","signed-in"
"2021-02-05 07:20:04.616652+13","user1@example.com","purchased"
"2021-02-05 06:50:50.951965+13","user4@example.com","signed-in"
"2021-02-05 05:22:11.898938+13","user2@example.com","commented"
"2021-02-05 04:27:37.579619+13","user4@example.com","messaged"
"2021-02-05 03:27:07.059192+13","user4@example.com","messaged"
"2021-02-05 02:17:51.152236+13","user3@example.com","signed-in"
"2021-02-05 01:20:22.5194+13","user1@example.com","purchased"
"2021-02-05 00:54:08.35398+13","user1@example.com","purchased"
"2021-02-04 23:10:23.646487+13","user3@example.com","signed-in"
"2021-02-04 22:13:46.943567+13","user2@example.com","signed-in"
"2021-02-04 22:06:52.150047+13","user1@example.com","messaged"
"2021-02-04 20:10:44.495205+13","user2@example.com","signed-in"
"2021-02-04 19:36:41.512023+13","user4@example.com","messaged"
"2021-02-04 18:49:49.06371+13","user3@example.com","commented"
"2021-02-04 17:38:03.0081+13","user4@example.com","purchased"
"2021-02-04 16:22:24.662503+13","user4@example.com","signed-in"
"2021-02-04 15:30:45.675735+13","user3@example.com","updated"
"2021-02-04 14:17:40.310968+13","user4@example.com","signed-in"
"2021-02-04 13:59:39.458028+13","user4@example.com","commented"
"2021-02-04 13:03:56.639231+13","user1@example.com","signed-in"
"2021-02-04 11:23:08.546729+13","user3@example.com","commented"
"2021-02-04 10:49:18.274445+13","user3@example.com","purchased"
"2021-02-04 09:46:39.993638+13","user2@example.com","commented"
"2021-02-04 09:08:19.581847+13","user0@example.com","signed-in"
"2021-02-04 07:15:43.103283+13","user3@example.com","commented"
"2021-02-04 06:40:37.879456+13","user4@example.com","commented"
"2021-02-04 05:42:19.658384+13","user1@example.com","signed-in"
"2021-02-04 04:37:03.497656+13","user0@example.com","messaged"
"2021-02-04 03:51:24.750838+13","user0@example.com","messaged"
"2021-02-04 02:58:16.786026+13","user2@example.com","messaged"
"2021-02-04 01:10:54.500542+13","user2@example.com","signed-in"
"2021-02-04 00:48:19.568914+13","user1@example.com","signed-in"
"2021-02-03 23:10:14.470673+13","user3@example.com","viewed"
"2021-02-03 22:33:24.137755+13","user1@example.com","purchased"
"2021-02-03 22:01:23.250861+13","user3@example.com","purchased"
